{"train_losses": 0.0022723294105380775, "val_losses": 0.0022661157610832125, "train_accuracies": 0.9523882771492005, "val_accuracies": 0.9526089418465924, "test_loss": 0.0022880878065161077, "test_accuracy": 0.951862881517714, "computation_time": 642.5527522563934}