{"train_losses": 0.004152220523357391, "val_losses": 0.004200493660310556, "train_accuracies": 0.8852730758666992, "val_accuracies": 0.8836877152418635, "test_loss": 0.004238243370500814, "test_accuracy": 0.8822457076637609, "computation_time": 619.2666027545929}