{"train_losses": 0.010636271987110377, "val_losses": 0.010991083383758335, "train_accuracies": 0.8867496101856231, "val_accuracies": 0.8847599895076549, "test_loss": 0.010989224864466554, "test_accuracy": 0.8849473876558291, "computation_time": 1053.9385528564453}