{"train_losses": 0.010285834539681673, "val_losses": 0.009783122520101196, "train_accuracies": 0.8890802332560221, "val_accuracies": 0.8951173589584676, "test_loss": 0.00964932310970346, "test_accuracy": 0.8961695421273541, "computation_time": 597.4135580062866}