{"train_losses": 0.011514191408952077, "val_losses": 0.00918590875857688, "train_accuracies": 0.8812095106442769, "val_accuracies": 0.8924357348934133, "test_loss": 0.009036202250629854, "test_accuracy": 0.8928170109250743, "computation_time": 598.7734904289246}