{"train_losses": 0.004946485819620272, "val_losses": 0.002628504633321427, "train_accuracies": 0.9107883979403784, "val_accuracies": 0.9399251118302345, "test_loss": 0.0026236460357904434, "test_accuracy": 0.9402234539985657, "computation_time": 434.07197165489197}