{"train_losses": 0.004181937431544065, "val_losses": 0.004149657608881877, "train_accuracies": 0.8840216091156006, "val_accuracies": 0.8852877491598676, "test_loss": 0.00415356728325414, "test_accuracy": 0.8850390394781805, "computation_time": 601.9674618244171}