{"train_losses": 0.005704548236603538, "val_losses": 0.0037666432500044083, "train_accuracies": 0.9313738917509715, "val_accuracies": 0.9316059414376604, "test_loss": 0.0037372500967875026, "test_accuracy": 0.9320964532293332, "computation_time": 617.8936240673065}