{"train_losses": 0.0022574635739955637, "val_losses": 0.0022379724687198177, "train_accuracies": 0.9506297641330295, "val_accuracies": 0.9509436935186386, "test_loss": 0.002229396382346749, "test_accuracy": 0.951198878288269, "computation_time": 419.5848879814148}