{"train_losses": 0.002273152993619442, "val_losses": 0.0022800173832898496, "train_accuracies": 0.9525825961112976, "val_accuracies": 0.9523902307650086, "test_loss": 0.0022531157703536333, "test_accuracy": 0.9529306057152475, "computation_time": 616.0316281318665}