Epoch,Train Loss,Validation Loss,Train Accuracy,Validation Accuracy
1,0.026526372514665126,0.011876064483194974,0.6013938167572022,0.6786338216180254
2,0.010884746354818344,0.010379475938856223,0.7014976432800293,0.713893999719316
3,0.010380474554002286,0.010184314517173797,0.7134863072395324,0.7201040994589496
4,0.010225483523309232,0.010029981642439487,0.7172765248298645,0.7229851598192931
5,0.010034596046805382,0.010055106542529953,0.7222467161178588,0.7207699118146471
