{"train_losses": 0.010034596046805382, "val_losses": 0.010055106542529953, "train_accuracies": 0.7222467161178588, "val_accuracies": 0.7207699118146471, "test_loss": 0.010187137391489402, "test_accuracy": 0.7178838002453943, "computation_time": 188.8765995502472}