{"train_losses": 0.010069981408615907, "val_losses": 0.00941818537428341, "train_accuracies": 0.8902967239220937, "val_accuracies": 0.8979987058233707, "test_loss": 0.009320798608812558, "test_accuracy": 0.8984156501520971, "computation_time": 1215.7629971504211}