{"train_losses": 0.004181192534416914, "val_losses": 0.004194542411180913, "train_accuracies": 0.8840797155380249, "val_accuracies": 0.8832993427659296, "test_loss": 0.004185302583441423, "test_accuracy": 0.8838261756927345, "computation_time": 775.4568150043488}