{"train_losses": 0.012958378145843745, "val_losses": 0.0061701134909063005, "train_accuracies": 0.7191663687705994, "val_accuracies": 0.8280531972836537, "test_loss": 0.0062431415341272474, "test_accuracy": 0.8259926764828385, "computation_time": 668.4351541996002}