{"train_losses": 0.0023573812898248434, "val_losses": 0.0023489751197563803, "train_accuracies": 0.9497956991195678, "val_accuracies": 0.9499836867781961, "test_loss": 0.002349970452962028, "test_accuracy": 0.9500202942805686, "computation_time": 626.3609216213226}