{"train_losses": 0.008011485589295625, "val_losses": 0.005293498904248521, "train_accuracies": 0.7768433703422546, "val_accuracies": 0.848544683426049, "test_loss": 0.005344739634614841, "test_accuracy": 0.8469407285095021, "computation_time": 634.3164262771606}