{"train_losses": 0.010700154234468937, "val_losses": 0.009392108436033225, "train_accuracies": 0.7181061821937561, "val_accuracies": 0.7383013249962194, "test_loss": 0.00944404121322237, "test_accuracy": 0.7370706420795173, "computation_time": 816.4407691955566}