{"train_losses": 0.011527812846004962, "val_losses": 0.011311464515888388, "train_accuracies": 0.6873639450073242, "val_accuracies": 0.6917334753236953, "test_loss": 0.011350859104875167, "test_accuracy": 0.6907926463777092, "computation_time": 716.1415803432465}