{"train_losses": 0.008989959948385756, "val_losses": 0.009164764823273141, "train_accuracies": 0.8970719428857168, "val_accuracies": 0.8970533117968985, "test_loss": 0.009117736306136392, "test_accuracy": 0.8976221357940868, "computation_time": 597.273877620697}