{"train_losses": 0.008896505552033583, "val_losses": 0.008666434899923648, "train_accuracies": 0.8978642460505167, "val_accuracies": 0.899904339554462, "test_loss": 0.008637536613709607, "test_accuracy": 0.9003860384795317, "computation_time": 973.7383089065552}