{"train_losses": 0.004981597384810447, "val_losses": 0.0033227518085200505, "train_accuracies": 0.9153493362426758, "val_accuracies": 0.9174475085203815, "test_loss": 0.0033155635613236266, "test_accuracy": 0.9174536014818082, "computation_time": 677.794718503952}