{"train_losses": 0.012196321502327918, "val_losses": 0.010198860114831834, "train_accuracies": 0.6585279078483581, "val_accuracies": 0.7073662846711031, "test_loss": 0.010131672184890623, "test_accuracy": 0.7092818614024266, "computation_time": 661.9407353401184}