{"train_losses": 0.012619455116987229, "val_losses": 0.01253681938359692, "train_accuracies": 0.6738399527072907, "val_accuracies": 0.6600722351651283, "test_loss": 0.012535428076650307, "test_accuracy": 0.6598412443877785, "computation_time": 644.8928134441376}