Epoch,Train Loss,Validation Loss,Train Accuracy,Validation Accuracy
1,0.0159482818270723,0.010620433430960204,0.856513667995731,0.8862393555488992
2,0.010243302387495835,0.00993406126136951,0.8886290225187937,0.8930973426458684
3,0.00981784721215566,0.009657042274410103,0.8920304872194926,0.8965073592485265
4,0.00959632725144426,0.009486175241305473,0.8936075505415598,0.8958435267844098
5,0.009471501973768075,0.00940003650797967,0.8943600753943125,0.8943398851663509
