{"train_losses": 0.008474987731625637, "val_losses": 0.008544217450841468, "train_accuracies": 0.9009187474250794, "val_accuracies": 0.9016528646362588, "test_loss": 0.008459745292332331, "test_accuracy": 0.9024347488287907, "computation_time": 1048.0078346729279}