{"train_losses": 0.009471501973768075, "val_losses": 0.00940003650797967, "train_accuracies": 0.8943600753943125, "val_accuracies": 0.8943398851663509, "test_loss": 0.009358021816250625, "test_accuracy": 0.8946358322337934, "computation_time": 176.93720722198486}