{"train_losses": 0.001539450040087104, "val_losses": 0.0016053347963532632, "train_accuracies": 0.9587433896859487, "val_accuracies": 0.9573227560266535, "test_loss": 0.0016103648042282575, "test_accuracy": 0.9572494421035621, "computation_time": 579.8499360084534}