{"train_losses": 0.015609896579195582, "val_losses": 0.009155775129329413, "train_accuracies": 0.7269189982187181, "val_accuracies": 0.7827772945165634, "test_loss": 0.009241847448050976, "test_accuracy": 0.7818874864578247, "computation_time": 528.855849981308}