{"train_losses": 0.014208539699514708, "val_losses": 0.0103081283159554, "train_accuracies": 0.7417976070964147, "val_accuracies": 0.7445902153849602, "test_loss": 0.010425810918211938, "test_accuracy": 0.7416552872657776, "computation_time": 433.13061904907227}