{"train_losses": 0.04200150842666626, "val_losses": 0.016383331102930058, "train_accuracies": 0.6301836873054505, "val_accuracies": 0.629704683829265, "test_loss": 0.016304982387146373, "test_accuracy": 0.6293254171966747, "computation_time": 1082.1384134292603}