{"train_losses": 0.004710571677793586, "val_losses": 0.0030679106421303004, "train_accuracies": 0.8677943727326771, "val_accuracies": 0.9281418733298779, "test_loss": 0.003046960171312094, "test_accuracy": 0.9289107193946838, "computation_time": 433.0875332355499}