Epoch,Train Loss,Validation Loss,Train Accuracy,Validation Accuracy
1,0.016396454395105443,0.010380020766380303,0.8550954064428806,0.8881905725661744
2,0.010151874413092931,0.010396815380675996,0.8891956134637197,0.8910275022400186
3,0.009773149649302164,0.00966804272970779,0.8921878803571065,0.8915791758831512
4,0.009560443881899118,0.00947712068049673,0.893567078669866,0.8946764643522019
5,0.009432241912931204,0.009348507742694717,0.8943781440258026,0.8959605624067023
