Epoch,Train Loss,Validation Loss,Train Accuracy,Validation Accuracy
1,0.017048718457420668,0.01056415362263772,0.853981168538332,0.8869023424513797
2,0.010319169799486796,0.010174633504109496,0.8877098041375479,0.8865391504257283
3,0.009927391704171897,0.010604830894698488,0.8910211877028147,0.8901323574654599
4,0.009702845130115748,0.009938682256107952,0.8926227765878042,0.8921256556789926
5,0.009564586505293847,0.009372481531364487,0.8935173873106639,0.8970318981941711
