{"train_losses": 0.009432241912931204, "val_losses": 0.009348507742694717, "train_accuracies": 0.8943781440258026, "val_accuracies": 0.8959605624067023, "test_loss": 0.009290880019402807, "test_accuracy": 0.8963782339339044, "computation_time": 182.98882031440735}