{"train_losses": 0.009371105659753085, "val_losses": 0.009255094810369168, "train_accuracies": 0.8941176213423411, "val_accuracies": 0.8968323878151305, "test_loss": 0.009193977655451388, "test_accuracy": 0.8972755822406453, "computation_time": 181.3290467262268}