{"train_losses": 0.009564586505293847, "val_losses": 0.009372481531364487, "train_accuracies": 0.8935173873106639, "val_accuracies": 0.8970318981941711, "test_loss": 0.009279200765689846, "test_accuracy": 0.897600172811253, "computation_time": 179.9691445827484}