{"train_losses": 0.012317295468101898, "val_losses": 0.009247080630999296, "train_accuracies": 0.8767294956048329, "val_accuracies": 0.8919922959931353, "test_loss": 0.009160971174099643, "test_accuracy": 0.8929765763556122, "computation_time": 578.138384103775}