{"train_losses": 0.01198146061723431, "val_losses": 0.009253800544451843, "train_accuracies": 0.8787074654102326, "val_accuracies": 0.8940498429410001, "test_loss": 0.009197586109256669, "test_accuracy": 0.8945853091349267, "computation_time": 2821.889970302582}