{"train_losses": 0.005484377443417907, "val_losses": 0.0031241489081957918, "train_accuracies": 0.8694769006729126, "val_accuracies": 0.9254744751438214, "test_loss": 0.0031657094153676444, "test_accuracy": 0.9239212213807805, "computation_time": 679.0775413513184}