{"train_losses": 0.010173907360434532, "val_losses": 0.00922045485371617, "train_accuracies": 0.7300835648536682, "val_accuracies": 0.7443275402305992, "test_loss": 0.009232511132908095, "test_accuracy": 0.7439378739162615, "computation_time": 636.6660380363464}