{"train_losses": 0.006478283592313528, "val_losses": 0.004898273261489382, "train_accuracies": 0.8011140817642212, "val_accuracies": 0.860631000843777, "test_loss": 0.0048757788998068895, "test_accuracy": 0.8613534452049596, "computation_time": 642.7883582115173}