Epoch,Train Loss,Validation Loss,Train Accuracy,Validation Accuracy
1,0.01920826963831981,0.011523042290293157,0.8273891458710034,0.8734481039833515
2,0.011357123255729676,0.01066065761458842,0.8744100841681163,0.8826584505273941
3,0.010796034209430217,0.010837492002966874,0.8813333423137665,0.887329878008112
4,0.010399809189140796,0.009703935787795073,0.8866802795728048,0.8891314084225512
5,0.010074159163981676,0.009636692048862893,0.889451565027237,0.889952984896112
