{"train_losses": 0.010156671242167552, "val_losses": 0.009753247579321899, "train_accuracies": 0.8892875831127167, "val_accuracies": 0.8927136944963577, "test_loss": 0.009623021955133244, "test_accuracy": 0.8935462919769773, "computation_time": 186.4231321811676}