{"train_losses": 0.010074159163981676, "val_losses": 0.009636692048862893, "train_accuracies": 0.889451565027237, "val_accuracies": 0.889952984896112, "test_loss": 0.009590081330744704, "test_accuracy": 0.890256721123009, "computation_time": 188.4305329322815}