{"train_losses": 0.009836274213970654, "val_losses": 0.008078673796262592, "train_accuracies": 0.7672570773533413, "val_accuracies": 0.7875933758914471, "test_loss": 0.008056010477244854, "test_accuracy": 0.7890737681388855, "computation_time": 445.08289766311646}