{"train_losses": 0.012386480508933938, "val_losses": 0.00936430913861841, "train_accuracies": 0.7269338019310482, "val_accuracies": 0.7581879235804081, "test_loss": 0.009384291142225266, "test_accuracy": 0.7573013167381286, "computation_time": 426.1337265968323}