{"train_losses": 0.005500681940776606, "val_losses": 0.0029770749165339673, "train_accuracies": 0.9253755118846894, "val_accuracies": 0.9401015677350633, "test_loss": 0.002991103736244759, "test_accuracy": 0.9402108200036796, "computation_time": 576.5853056907654}