{"train_losses": 0.0028576844160755474, "val_losses": 0.00287769288765861, "train_accuracies": 0.9414471801916758, "val_accuracies": 0.9411963319524805, "test_loss": 0.0028847156012442652, "test_accuracy": 0.9412379067414886, "computation_time": 569.7821953296661}