{"train_losses": 0.004091847239993513, "val_losses": 0.003046507539693266, "train_accuracies": 0.9157923924922943, "val_accuracies": 0.9392279408713604, "test_loss": 0.0030377052211244203, "test_accuracy": 0.9394823024227361, "computation_time": 585.2919497489929}