{"train_losses": 0.05091499333977699, "val_losses": 0.023452680569830214, "train_accuracies": 0.5392236284732819, "val_accuracies": 0.5397521764229817, "test_loss": 0.02353096391507395, "test_accuracy": 0.5393207526890336, "computation_time": 695.736398935318}