{"train_losses": 0.0069759906657040115, "val_losses": 0.0053393359942610855, "train_accuracies": 0.8429325637817383, "val_accuracies": 0.8464713009299746, "test_loss": 0.005327860098094887, "test_accuracy": 0.8464831869313671, "computation_time": 653.0237717628479}