{"train_losses": 0.006658161524683237, "val_losses": 0.0046887879725545645, "train_accuracies": 0.8893943958812289, "val_accuracies": 0.8802671246230602, "test_loss": 0.0046353724412620066, "test_accuracy": 0.8822480001449585, "computation_time": 423.90196776390076}