{"train_losses": 0.031082422155141832, "val_losses": 0.015649361120667428, "train_accuracies": 0.606469721698761, "val_accuracies": 0.6065937079441776, "test_loss": 0.015604114503997147, "test_accuracy": 0.6060368107382659, "computation_time": 671.4804086685181}