{"train_losses": 0.004187002363055944, "val_losses": 0.004209447460794809, "train_accuracies": 0.8838693075180054, "val_accuracies": 0.8835057092320387, "test_loss": 0.004183968950276542, "test_accuracy": 0.884224004806227, "computation_time": 563.6570749282837}