{"train_losses": 0.009011355698108674, "val_losses": 0.009081467102240226, "train_accuracies": 0.7500208943367005, "val_accuracies": 0.7481289885605976, "test_loss": 0.009171294730607491, "test_accuracy": 0.7459995921250362, "computation_time": 1164.0599391460419}