{"train_losses": 0.015583985603399693, "val_losses": 0.011789128591772169, "train_accuracies": 0.7076405844991169, "val_accuracies": 0.7119639962911606, "test_loss": 0.011875783577561378, "test_accuracy": 0.7092276129722596, "computation_time": 435.39860582351685}