{"train_losses": 0.011935250820219517, "val_losses": 0.010800435089144357, "train_accuracies": 0.7084224961280823, "val_accuracies": 0.7222001579157107, "test_loss": 0.010812220466174896, "test_accuracy": 0.7217254817106162, "computation_time": 667.4988570213318}