{"train_losses": 0.012532542856037616, "val_losses": 0.010067165734329421, "train_accuracies": 0.6723383978843689, "val_accuracies": 0.7235404047996375, "test_loss": 0.010146968772599272, "test_accuracy": 0.721895954791148, "computation_time": 996.6044638156891}