{"train_losses": 0.0037541164913111264, "val_losses": 0.003762895750696771, "train_accuracies": 0.9016602398857237, "val_accuracies": 0.9013931453227997, "test_loss": 0.003747042687609792, "test_accuracy": 0.9019481391906738, "computation_time": 421.1301817893982}