{"train_losses": 0.002280737052485347, "val_losses": 0.002273613145088504, "train_accuracies": 0.9521259141921997, "val_accuracies": 0.9526015542874671, "test_loss": 0.002301221179544546, "test_accuracy": 0.9516270999695845, "computation_time": 617.5856623649597}