{"train_losses": 0.007648695038542861, "val_losses": 0.007930554245831445, "train_accuracies": 0.7986483015711345, "val_accuracies": 0.7890094444155693, "test_loss": 0.007706844337284565, "test_accuracy": 0.7973856220245361, "computation_time": 340.0748770236969}