{"train_losses": 0.006263611509302069, "val_losses": 0.0040323870634892955, "train_accuracies": 0.8618744668506441, "val_accuracies": 0.893546812236309, "test_loss": 0.004084917804226279, "test_accuracy": 0.8923151783943176, "computation_time": 533.1463577747345}