{"train_losses": 0.003711509406256179, "val_losses": 0.0030357602245590473, "train_accuracies": 0.9235241095225016, "val_accuracies": 0.9401605100707805, "test_loss": 0.0030246947411518947, "test_accuracy": 0.9404804425634397, "computation_time": 579.9570207595825}