{"train_losses": 0.004016417056499492, "val_losses": 0.004138541786232963, "train_accuracies": 0.8943973647223579, "val_accuracies": 0.8909493535757065, "test_loss": 0.0039552706461399795, "test_accuracy": 0.8961204628944397, "computation_time": 243.32837200164795}