{"train_losses": 0.009164393791556358, "val_losses": 0.009119059054097932, "train_accuracies": 0.7447984101295472, "val_accuracies": 0.746616391998947, "test_loss": 0.00913929820037002, "test_accuracy": 0.7459377164294005, "computation_time": 616.1983878612518}