{"train_losses": 0.002230345275223492, "val_losses": 0.002217931396444328, "train_accuracies": 0.9513433235032218, "val_accuracies": 0.9513201154768467, "test_loss": 0.0022095207022503017, "test_accuracy": 0.9516107153892517, "computation_time": 437.1438319683075}