{"train_losses": 0.008530784257879806, "val_losses": 0.00537604108103551, "train_accuracies": 0.8640763655541435, "val_accuracies": 0.8602536879479885, "test_loss": 0.005382719710469246, "test_accuracy": 0.8598623914718628, "computation_time": 423.8540093898773}