{"train_losses": 0.0027101521291548296, "val_losses": 0.002396766416495666, "train_accuracies": 0.9349815599502079, "val_accuracies": 0.944584995508194, "test_loss": 0.0023891440983861683, "test_accuracy": 0.944850131034851, "computation_time": 429.3099353313446}