{"train_losses": 0.009467621821732749, "val_losses": 0.008183745143469423, "train_accuracies": 0.7405582713702369, "val_accuracies": 0.7824191153049469, "test_loss": 0.008200717560946941, "test_accuracy": 0.7814312133789062, "computation_time": 435.43913221359253}