{"train_losses": 0.006302782088145614, "val_losses": 0.00480683469421165, "train_accuracies": 0.8559166201591492, "val_accuracies": 0.8822042737037513, "test_loss": 0.004896408074482042, "test_accuracy": 0.8796284529054241, "computation_time": 680.5110585689545}