{"train_losses": 0.013517156315346559, "val_losses": 0.010754039293115443, "train_accuracies": 0.8858772934277852, "val_accuracies": 0.8858927025439891, "test_loss": 0.010643054754918169, "test_accuracy": 0.8862003012067953, "computation_time": 617.7656133174896}