{"train_losses": 0.03187938588559627, "val_losses": 0.019785180925183995, "train_accuracies": 0.5063610009670257, "val_accuracies": 0.5375462639483677, "test_loss": 0.01995943299239608, "test_accuracy": 0.5361888141009459, "computation_time": 680.328619480133}