{"train_losses": 0.011760500106960534, "val_losses": 0.004538441644089812, "train_accuracies": 0.9093052008152008, "val_accuracies": 0.9096698589781498, "test_loss": 0.004420426545166381, "test_accuracy": 0.9107967797358325, "computation_time": 638.1770486831665}