{"train_losses": 0.004489996341678003, "val_losses": 0.004714938995250045, "train_accuracies": 0.9274803432623545, "val_accuracies": 0.9212845050274058, "test_loss": 0.004742617543881676, "test_accuracy": 0.9211990161306539, "computation_time": 575.464959859848}