{"train_losses": 0.007850627023726702, "val_losses": 0.006973043997671194, "train_accuracies": 0.8104572221755981, "val_accuracies": 0.8222057109425782, "test_loss": 0.00699363601138922, "test_accuracy": 0.8221137683103039, "computation_time": 672.1520140171051}