{"train_losses": 0.009120966222882271, "val_losses": 0.009259014289565147, "train_accuracies": 0.7459394567489624, "val_accuracies": 0.7427468166989126, "test_loss": 0.009186259156484513, "test_accuracy": 0.7448792229792115, "computation_time": 644.8383638858795}