{"train_losses": 0.0048614197984337805, "val_losses": 0.00444480849453693, "train_accuracies": 0.8566385627746582, "val_accuracies": 0.8724874049235302, "test_loss": 0.004417500449759755, "test_accuracy": 0.8734273591618629, "computation_time": 699.4451420307159}