{"train_losses": 0.03840157738517201, "val_losses": 0.02215534751303494, "train_accuracies": 0.5844172863733201, "val_accuracies": 0.5801591500639915, "test_loss": 0.02176856353878975, "test_accuracy": 0.5824324083328247, "computation_time": 442.3642227649689}