{"train_losses": 0.012667522431661686, "val_losses": 0.008881517272303872, "train_accuracies": 0.8777447746594746, "val_accuracies": 0.8968088519065938, "test_loss": 0.008814383057913013, "test_accuracy": 0.8973772635885106, "computation_time": 872.5059401988983}