{"train_losses": 0.012086111214756966, "val_losses": 0.010515815347053443, "train_accuracies": 0.7090016063690185, "val_accuracies": 0.7117437408987883, "test_loss": 0.010653813725491618, "test_accuracy": 0.7090534981648633, "computation_time": 654.0508272647858}