{"train_losses": 0.013668815471231938, "val_losses": 0.0064294768195163375, "train_accuracies": 0.8926074437300364, "val_accuracies": 0.8923961951377544, "test_loss": 0.00628635663669675, "test_accuracy": 0.8934991967146564, "computation_time": 634.2240405082703}