{"train_losses": 0.008382572281360625, "val_losses": 0.006181561918988539, "train_accuracies": 0.7659858433246612, "val_accuracies": 0.8182332105697341, "test_loss": 0.006155165010220875, "test_accuracy": 0.8190428648784662, "computation_time": 814.4497482776642}