{"train_losses": 0.013725859039123095, "val_losses": 0.009639505064114928, "train_accuracies": 0.7490170919705951, "val_accuracies": 0.7522434368729591, "test_loss": 0.009631287023425103, "test_accuracy": 0.7521436929702758, "computation_time": 426.2548153400421}