{"train_losses": 0.0014112543443528314, "val_losses": 0.001439141669989306, "train_accuracies": 0.9612240719000499, "val_accuracies": 0.9606387450339946, "test_loss": 0.0014232740326707435, "test_accuracy": 0.961119769105486, "computation_time": 527.3280162811279}