{"train_losses": 0.019344392153124015, "val_losses": 0.0031573390328087547, "train_accuracies": 0.9317442413171132, "val_accuracies": 0.932422639841729, "test_loss": 0.00310373022725248, "test_accuracy": 0.9332230592229563, "computation_time": 631.9144449234009}