{"train_losses": 0.034663718725953786, "val_losses": 0.019657477969303727, "train_accuracies": 0.6193287637498643, "val_accuracies": 0.6227866038680077, "test_loss": 0.019924354746937753, "test_accuracy": 0.6193286800384521, "computation_time": 439.34152817726135}