{"train_losses": 0.026789116943875948, "val_losses": 0.050554153707591774, "train_accuracies": 0.7935371861457825, "val_accuracies": 0.7169630825519562, "test_loss": 0.05074361892073018, "test_accuracy": 0.7153065675383161, "computation_time": 571.9844224452972}