{"train_losses": 0.01007162278443575, "val_losses": 0.009066985065864909, "train_accuracies": 0.7338169306755066, "val_accuracies": 0.7493995481235965, "test_loss": 0.009157806124751734, "test_accuracy": 0.7470973832592084, "computation_time": 1000.0000360012054}