{"train_losses": 0.012166958937048913, "val_losses": 0.009605047293007374, "train_accuracies": 0.696613950920105, "val_accuracies": 0.7376202500549851, "test_loss": 0.009693826436047341, "test_accuracy": 0.7357401479581359, "computation_time": 1016.083393573761}