{"train_losses": 0.025000594643255075, "val_losses": 0.01753642722132041, "train_accuracies": 0.8004847568670909, "val_accuracies": 0.8206941174699905, "test_loss": 0.017439842995279915, "test_accuracy": 0.8204981961827369, "computation_time": 1363.0879018306732}