{"train_losses": 0.0052233848374336955, "val_losses": 0.0042840618370278815, "train_accuracies": 0.8651410187721252, "val_accuracies": 0.8811143864491943, "test_loss": 0.004313722424873501, "test_accuracy": 0.8801302773178004, "computation_time": 636.7534825801849}