{"train_losses": 0.011363546112179755, "val_losses": 0.004935307659588422, "train_accuracies": 0.7553070593357086, "val_accuracies": 0.8659225649135128, "test_loss": 0.005029488601098964, "test_accuracy": 0.8629082217337979, "computation_time": 678.8949031829834}