{"train_losses": 0.0028681174505501986, "val_losses": 0.0024448526863032464, "train_accuracies": 0.9305916786193847, "val_accuracies": 0.9453829170032672, "test_loss": 0.002475465530719442, "test_accuracy": 0.9443792693174569, "computation_time": 620.6913268566132}