{"train_losses": 0.01097214598918245, "val_losses": 0.010000078531447798, "train_accuracies": 0.7009414973713103, "val_accuracies": 0.6912399977445602, "test_loss": 0.010045871406793595, "test_accuracy": 0.6919284162521362, "computation_time": 442.33211874961853}