{"train_losses": 0.01180579365193844, "val_losses": 0.011280490150734497, "train_accuracies": 0.6809390498161316, "val_accuracies": 0.6905786364701143, "test_loss": 0.011334689387422839, "test_accuracy": 0.6897198979262333, "computation_time": 1064.2346658706665}