{"train_losses": 0.032835217857112485, "val_losses": 0.02441743920814801, "train_accuracies": 0.7661168534755707, "val_accuracies": 0.7768303260524222, "test_loss": 0.024268212805318226, "test_accuracy": 0.7783897352066769, "computation_time": 599.2150037288666}