{"train_losses": 0.01611426846671199, "val_losses": 0.008558376866858453, "train_accuracies": 0.6519976097439962, "val_accuracies": 0.7749309949576855, "test_loss": 0.008706295758485794, "test_accuracy": 0.771936502456665, "computation_time": 500.14468479156494}