{"train_losses": 0.05299121973514557, "val_losses": 0.03556058396864089, "train_accuracies": 0.32193412461280824, "val_accuracies": 0.38047483753246863, "test_loss": 0.03553336085217774, "test_accuracy": 0.38116384843352497, "computation_time": 644.6750156879425}