{"train_losses": 0.01927245003581047, "val_losses": 0.014969821663419152, "train_accuracies": 0.6659631456375122, "val_accuracies": 0.6609405263973649, "test_loss": 0.015118790547227024, "test_accuracy": 0.6591564120760389, "computation_time": 695.5399990081787}