{"train_losses": 0.002285364966839552, "val_losses": 0.0022550934338408293, "train_accuracies": 0.9520000781059265, "val_accuracies": 0.9527092754461204, "test_loss": 0.0022854204838324314, "test_accuracy": 0.9516041620521788, "computation_time": 627.3335146903992}