{"train_losses": 0.015479952017466228, "val_losses": 0.007804342488599743, "train_accuracies": 0.849359808365504, "val_accuracies": 0.8939952460375238, "test_loss": 0.007813947554084526, "test_accuracy": 0.8938490482652264, "computation_time": 598.3942189216614}