{"train_losses": 0.028867111691832543, "val_losses": 0.013729678455052102, "train_accuracies": 0.6899202343940735, "val_accuracies": 0.6929431648770715, "test_loss": 0.013922636557346697, "test_accuracy": 0.6908267926258645, "computation_time": 660.3930280208588}