{"train_losses": 0.011944373773913535, "val_losses": 0.010272477054968476, "train_accuracies": 0.7247913181781769, "val_accuracies": 0.6865993030369282, "test_loss": 0.01027388072013855, "test_accuracy": 0.6868878879547119, "computation_time": 522.1417796611786}