{"train_losses": 0.0057099932849407195, "val_losses": 0.005027024051660944, "train_accuracies": 0.8286991320610047, "val_accuracies": 0.8525203880231091, "test_loss": 0.0050099981195370485, "test_accuracy": 0.8529235022083209, "computation_time": 618.428409576416}