{"train_losses": 0.001409120496828109, "val_losses": 0.0014136228673259153, "train_accuracies": 0.9612039821147919, "val_accuracies": 0.9611710202186665, "test_loss": 0.001424295158172916, "test_accuracy": 0.9610149169423777, "computation_time": 578.4745316505432}