{"train_losses": 0.029806100335717203, "val_losses": 0.014955424003682698, "train_accuracies": 0.6610660347938537, "val_accuracies": 0.660820821288285, "test_loss": 0.015088092464550286, "test_accuracy": 0.6591239829731596, "computation_time": 684.5499112606049}