{"train_losses": 0.020813092300295828, "val_losses": 0.016024546169788594, "train_accuracies": 0.6192352249145507, "val_accuracies": 0.6632017755204704, "test_loss": 0.016298188857591836, "test_accuracy": 0.6602453612218238, "computation_time": 636.371682882309}