{"train_losses": 0.006544326029717922, "val_losses": 0.00607242962058158, "train_accuracies": 0.9138332619667053, "val_accuracies": 0.9172244366813214, "test_loss": 0.006111524346622692, "test_accuracy": 0.9168224475186342, "computation_time": 599.3965647220612}