{"train_losses": 0.0063906630264624715, "val_losses": 0.004376128839794546, "train_accuracies": 0.8162640408864097, "val_accuracies": 0.8858426287770271, "test_loss": 0.004373074581846595, "test_accuracy": 0.8859341130256653, "computation_time": 435.0899474620819}