{"train_losses": 0.013861374229192733, "val_losses": 0.012625842871274918, "train_accuracies": 0.6475376255273819, "val_accuracies": 0.6429368075291821, "test_loss": 0.012614949867366606, "test_accuracy": 0.6430236947764257, "computation_time": 629.9276592731476}