{"train_losses": 0.04128907239508061, "val_losses": 0.019282183377072215, "train_accuracies": 0.44140363118005177, "val_accuracies": 0.6034711562097073, "test_loss": 0.019413307726383208, "test_accuracy": 0.6036486811637879, "computation_time": 474.81268095970154}