{"train_losses": 0.030512847344577314, "val_losses": 0.014746817997449143, "train_accuracies": 0.5280783766269684, "val_accuracies": 0.6064417673524019, "test_loss": 0.014838786279652148, "test_accuracy": 0.6055561099082801, "computation_time": 678.2242691516876}