{"train_losses": 0.004168246172741055, "val_losses": 0.004175785049546961, "train_accuracies": 0.8845135786056518, "val_accuracies": 0.8844315720971223, "test_loss": 0.004166897783755876, "test_accuracy": 0.8845736623569659, "computation_time": 621.0964255332947}