{"train_losses": 0.00519713238850236, "val_losses": 0.0035352803126072426, "train_accuracies": 0.9108167439460755, "val_accuracies": 0.9098720542944161, "test_loss": 0.0036044556374667555, "test_accuracy": 0.9074626227093351, "computation_time": 678.6634769439697}