{"train_losses": 0.018632755937675636, "val_losses": 0.009902599881938163, "train_accuracies": 0.8326583054065705, "val_accuracies": 0.8769108098238072, "test_loss": 0.009883834906278333, "test_accuracy": 0.8770227967553837, "computation_time": 598.7442662715912}