{"train_losses": 0.003812834144756198, "val_losses": 0.002672053450884618, "train_accuracies": 0.8972382932662963, "val_accuracies": 0.9411058577762288, "test_loss": 0.002664980487482753, "test_accuracy": 0.9413255392366154, "computation_time": 642.5485026836395}