{"train_losses": 0.046714588970182436, "val_losses": 0.018226611660793424, "train_accuracies": 0.3880936673709324, "val_accuracies": 0.5841686986386776, "test_loss": 0.01814618679881096, "test_accuracy": 0.5816308369636536, "computation_time": 534.4920818805695}