{"train_losses": 0.0014325572790888448, "val_losses": 0.0014401751742549637, "train_accuracies": 0.9607230086326599, "val_accuracies": 0.9604985986618285, "test_loss": 0.0014339649054714164, "test_accuracy": 0.9607303108379339, "computation_time": 325.2511007785797}