{"train_losses": 0.024979855877161027, "val_losses": 0.009726300521213918, "train_accuracies": 0.7390719352722168, "val_accuracies": 0.7378369493848959, "test_loss": 0.009631893413651522, "test_accuracy": 0.7379965045649535, "computation_time": 671.8546278476715}