{"train_losses": 0.020122373539209367, "val_losses": 0.016399002117905646, "train_accuracies": 0.6094721391677856, "val_accuracies": 0.639238220491227, "test_loss": 0.016600808300742297, "test_accuracy": 0.6357425937227382, "computation_time": 982.7047035694122}