{"train_losses": 0.003895713672786951, "val_losses": 0.00266713971883106, "train_accuracies": 0.9099085648536682, "val_accuracies": 0.9382575169490401, "test_loss": 0.002670565290839239, "test_accuracy": 0.9382971707423022, "computation_time": 686.7016785144806}