{"train_losses": 0.0073891638338565825, "val_losses": 0.005081864509873899, "train_accuracies": 0.7713472445487977, "val_accuracies": 0.8534972098222964, "test_loss": 0.005052206625533142, "test_accuracy": 0.8542676670536115, "computation_time": 637.1892862319946}