{"train_losses": 0.06371970125843608, "val_losses": 0.047211265889927745, "train_accuracies": 0.2705659440585545, "val_accuracies": 0.3089477326720953, "test_loss": 0.047229420572519304, "test_accuracy": 0.30627036905288696, "computation_time": 429.0063519477844}