{"train_losses": 0.036405704353773403, "val_losses": 0.024687101948074996, "train_accuracies": 0.49683571192953324, "val_accuracies": 0.5616756118834019, "test_loss": 0.024457632422447206, "test_accuracy": 0.5645201253890991, "computation_time": 429.38658618927}