{"train_losses": 0.001407303149967144, "val_losses": 0.0014277081670328736, "train_accuracies": 0.961232230981191, "val_accuracies": 0.9608660299093166, "test_loss": 0.0014347770202394789, "test_accuracy": 0.9608671543704477, "computation_time": 580.1666388511658}