{"train_losses": 0.002318755281716585, "val_losses": 0.002327229287831267, "train_accuracies": 0.950987665939331, "val_accuracies": 0.9507627589687421, "test_loss": 0.0023118956815332743, "test_accuracy": 0.9508724523957368, "computation_time": 420.87004256248474}