{"train_losses": 0.01177759382814642, "val_losses": 0.010655048827175051, "train_accuracies": 0.6797906567179968, "val_accuracies": 0.6723588146269321, "test_loss": 0.010544110640883446, "test_accuracy": 0.6747029423713684, "computation_time": 449.56493520736694}