{"train_losses": 0.009250991390645504, "val_losses": 0.009260939321462896, "train_accuracies": 0.7425827186584473, "val_accuracies": 0.7431887357857576, "test_loss": 0.009239393280475003, "test_accuracy": 0.7429986299982496, "computation_time": 450.5318007469177}