{"train_losses": 0.003045702090797325, "val_losses": 0.003008599722500336, "train_accuracies": 0.9393524464766184, "val_accuracies": 0.9397497205658162, "test_loss": 0.0030115488753505765, "test_accuracy": 0.9398805176376537, "computation_time": 580.7305474281311}