{"train_losses": 0.005035831105336547, "val_losses": 0.0037985891726603554, "train_accuracies": 0.8520953572273254, "val_accuracies": 0.8985239882378062, "test_loss": 0.0038612519396813054, "test_accuracy": 0.8963336511782021, "computation_time": 700.3361215591431}