{"train_losses": 0.0073051387665882, "val_losses": 0.0038242255250224844, "train_accuracies": 0.7799689788666982, "val_accuracies": 0.9005263336002827, "test_loss": 0.0038304568231105804, "test_accuracy": 0.9006238584518432, "computation_time": 566.6677660942078}