{"train_losses": 0.012570647142827511, "val_losses": 0.011064883707103077, "train_accuracies": 0.6709852400302887, "val_accuracies": 0.7008241172049455, "test_loss": 0.01109376600142687, "test_accuracy": 0.7002931089158271, "computation_time": 633.5199203491211}