{"train_losses": 0.010505133295059204, "val_losses": 0.00970813878782236, "train_accuracies": 0.7032603873252868, "val_accuracies": 0.7239125116615538, "test_loss": 0.009700773728738545, "test_accuracy": 0.7247228793277862, "computation_time": 640.8736548423767}