{"train_losses": 0.005620701821893454, "val_losses": 0.0027925105718005993, "train_accuracies": 0.8649472453117371, "val_accuracies": 0.9342972939940775, "test_loss": 0.0027862338298801216, "test_accuracy": 0.9344874628030571, "computation_time": 650.7821524143219}