{"train_losses": 0.004581012743338942, "val_losses": 0.002861667412576402, "train_accuracies": 0.8665300331115723, "val_accuracies": 0.9354437752893776, "test_loss": 0.002840920877909869, "test_accuracy": 0.9358960974747967, "computation_time": 644.8184614181519}