{"train_losses": 0.0021108625290604927, "val_losses": 0.0014973108766927444, "train_accuracies": 0.9428903402487437, "val_accuracies": 0.9599658995866776, "test_loss": 0.0014931303115300596, "test_accuracy": 0.9600822743336865, "computation_time": 588.6556167602539}