{"train_losses": 0.006156892957538366, "val_losses": 0.006751733612577627, "train_accuracies": 0.8289309666633606, "val_accuracies": 0.7935572228613933, "test_loss": 0.00682410140148109, "test_accuracy": 0.7915955132739559, "computation_time": 629.3244462013245}