{"train_losses": 0.005955401910841465, "val_losses": 0.004876401156756529, "train_accuracies": 0.8210197874069214, "val_accuracies": 0.8603955761642214, "test_loss": 0.004939006353805589, "test_accuracy": 0.8582757734189368, "computation_time": 620.6757431030273}