{"train_losses": 0.006419055839627981, "val_losses": 0.005767082659064964, "train_accuracies": 0.8071383666992188, "val_accuracies": 0.8280745767484046, "test_loss": 0.005765776924053385, "test_accuracy": 0.8281049010859933, "computation_time": 980.440887928009}