{"train_losses": 0.0069601947791874405, "val_losses": 0.004716963726718714, "train_accuracies": 0.8702557002067566, "val_accuracies": 0.8705792176495691, "test_loss": 0.004766574945110994, "test_accuracy": 0.868852056895092, "computation_time": 669.8044812679291}