{"train_losses": 0.006059224688261747, "val_losses": 0.004488702497154379, "train_accuracies": 0.860362806224823, "val_accuracies": 0.8860260012802804, "test_loss": 0.004483613565231964, "test_accuracy": 0.8862783711427337, "computation_time": 650.2275762557983}