{"train_losses": 0.01933047604188323, "val_losses": 0.019296466263922604, "train_accuracies": 0.8389027526378632, "val_accuracies": 0.8393753811399988, "test_loss": 0.01899022308836697, "test_accuracy": 0.8396472274118169, "computation_time": 1107.6416268348694}