{"train_losses": 0.019475134855757158, "val_losses": 0.017526377477940728, "train_accuracies": 0.8379746049245198, "val_accuracies": 0.8450352467120962, "test_loss": 0.017398307461789837, "test_accuracy": 0.8458974536057491, "computation_time": 580.8629229068756}