{"train_losses": 0.016438797441124916, "val_losses": 0.012018468622474155, "train_accuracies": 0.6869818558692932, "val_accuracies": 0.6880910631957328, "test_loss": 0.011988295598109816, "test_accuracy": 0.6875102557953755, "computation_time": 679.021199464798}