Experiment,FID Score,Number of Images
base,215.96221356175752,5
brightness,268.10837086335056,5
color_jitter,267.90584551225743,5
contrast,298.83948742026325,5
cutout,302.9497666350039,5
