{"train_losses": 0.00799016594812274, "val_losses": 0.006799474954723743, "train_accuracies": 0.8098193231582642, "val_accuracies": 0.8256399734005048, "test_loss": 0.006887714968768844, "test_accuracy": 0.8234890687997174, "computation_time": 657.2832136154175}