{"train_losses": 0.0018618647519809503, "val_losses": 0.0014859531229569954, "train_accuracies": 0.9534569319089253, "val_accuracies": 0.9599613417336281, "test_loss": 0.0014876974131140834, "test_accuracy": 0.9599590130672333, "computation_time": 570.7574152946472}