{"train_losses": 0.0025889279233912627, "val_losses": 0.0015851546628796991, "train_accuracies": 0.9309739113648733, "val_accuracies": 0.9584802794963756, "test_loss": 0.0015827166709965867, "test_accuracy": 0.9587520531787994, "computation_time": 595.1571028232574}