{"train_losses": 0.013307475854480078, "val_losses": 0.016491969348862767, "train_accuracies": 0.6653543346458011, "val_accuracies": 0.5790843069553375, "test_loss": 0.01648120079934597, "test_accuracy": 0.5821583709716797, "computation_time": 467.6939458847046}