{"train_losses": 0.0075842274559868705, "val_losses": 0.007695310167036951, "train_accuracies": 0.7998107122996497, "val_accuracies": 0.7982917800545692, "test_loss": 0.007685987159609795, "test_accuracy": 0.7978290462493897, "computation_time": 421.67148184776306}