{"train_losses": 0.004871168846471442, "val_losses": 0.003069271449930966, "train_accuracies": 0.9019295450240846, "val_accuracies": 0.9268235377967358, "test_loss": 0.0030810048673301934, "test_accuracy": 0.9267672591209412, "computation_time": 445.6340100765228}