{"train_losses": 0.04838397602240244, "val_losses": 0.023710877168923616, "train_accuracies": 0.37548848229741294, "val_accuracies": 0.5103841237723827, "test_loss": 0.023628317818045617, "test_accuracy": 0.5121811501979828, "computation_time": 528.4767413139343}