{"train_losses": 0.0032715423038850227, "val_losses": 0.0029956192023398234, "train_accuracies": 0.9371149096488952, "val_accuracies": 0.93965918840246, "test_loss": 0.003004792362902385, "test_accuracy": 0.9397208242659356, "computation_time": 572.6347784996033}