{"train_losses": 0.009110601677000523, "val_losses": 0.009252690644875454, "train_accuracies": 0.7476085897445679, "val_accuracies": 0.7431088784697709, "test_loss": 0.009237585156254328, "test_accuracy": 0.7447899356009854, "computation_time": 501.8326988220215}