{"train_losses": 0.002884853030741215, "val_losses": 0.002519784404771628, "train_accuracies": 0.9300523149490356, "val_accuracies": 0.9435333651342209, "test_loss": 0.0025136531212005264, "test_accuracy": 0.9438060138635574, "computation_time": 621.9647588729858}