{"train_losses": 0.004575225546645622, "val_losses": 0.0031175654322067475, "train_accuracies": 0.9081781280835469, "val_accuracies": 0.9383449833443824, "test_loss": 0.0031088234984262544, "test_accuracy": 0.9386621315008515, "computation_time": 933.9119145870209}