{"train_losses": 0.003962415311640749, "val_losses": 0.001489956048936484, "train_accuracies": 0.9438324638207753, "val_accuracies": 0.9596970585432458, "test_loss": 0.0014966066665710158, "test_accuracy": 0.9597479086013356, "computation_time": 575.1038446426392}