{"train_losses": 0.0028606161043668787, "val_losses": 0.0029013197400924217, "train_accuracies": 0.9414267183144888, "val_accuracies": 0.9411751282341937, "test_loss": 0.002892186739155726, "test_accuracy": 0.9411764638439105, "computation_time": 457.16269516944885}