{"train_losses": 0.0057973844841122625, "val_losses": 0.004414202040357954, "train_accuracies": 0.8479643106460572, "val_accuracies": 0.8771855246489215, "test_loss": 0.004392202922801493, "test_accuracy": 0.8776568618549663, "computation_time": 555.052815914154}