{"train_losses": 0.003813032910878223, "val_losses": 0.0036670785339083523, "train_accuracies": 0.9000425348206172, "val_accuracies": 0.9040287248790264, "test_loss": 0.0037093842085450888, "test_accuracy": 0.9029834442138672, "computation_time": 446.8153624534607}