{"train_losses": 0.009019134418666364, "val_losses": 0.009065498532668042, "train_accuracies": 0.7498062616348267, "val_accuracies": 0.7476584277335246, "test_loss": 0.009151150709741814, "test_accuracy": 0.7456541786527937, "computation_time": 648.5467550754547}