{"train_losses": 0.00642138620428741, "val_losses": 0.0049870954618854504, "train_accuracies": 0.8241989378929138, "val_accuracies": 0.8538684765244745, "test_loss": 0.004984427418464878, "test_accuracy": 0.8541387270210655, "computation_time": 634.4802510738373}