{"train_losses": 0.009514467899501325, "val_losses": 0.009343337077813544, "train_accuracies": 0.7380010286331177, "val_accuracies": 0.741030476275523, "test_loss": 0.009385736107494042, "test_accuracy": 0.7400528446883913, "computation_time": 635.0338945388794}