{"train_losses": 0.008015246973151252, "val_losses": 0.004799460002686828, "train_accuracies": 0.7595175121511731, "val_accuracies": 0.870556253939867, "test_loss": 0.004872414495795965, "test_accuracy": 0.8686898493766785, "computation_time": 595.5853111743927}