{"train_losses": 0.007584509868470449, "val_losses": 0.0043658043432515115, "train_accuracies": 0.7757475007148016, "val_accuracies": 0.8853210955858231, "test_loss": 0.004461304720491171, "test_accuracy": 0.8823848624229431, "computation_time": 447.4237620830536}