{"train_losses": 0.01652592454701662, "val_losses": 0.012637800934493163, "train_accuracies": 0.6869332482337952, "val_accuracies": 0.7339878818791383, "test_loss": 0.012904723613837342, "test_accuracy": 0.7294116369478262, "computation_time": 622.5587525367737}