{"train_losses": 0.005719229612499476, "val_losses": 0.003398806438039822, "train_accuracies": 0.8255253549575806, "val_accuracies": 0.9160021676379404, "test_loss": 0.0033834637038907996, "test_accuracy": 0.9161823585534551, "computation_time": 892.8550126552582}