{"train_losses": 0.027630027974881823, "val_losses": 0.011451671656686813, "train_accuracies": 0.7161901981111557, "val_accuracies": 0.7194630093872547, "test_loss": 0.01156170053780079, "test_accuracy": 0.7161221280097961, "computation_time": 435.6562354564667}