{"train_losses": 0.011270118637382984, "val_losses": 0.009884478310775605, "train_accuracies": 0.6814196986198425, "val_accuracies": 0.7184383645179165, "test_loss": 0.009860783133204955, "test_accuracy": 0.7193146272070089, "computation_time": 658.1226902008057}