{"train_losses": 0.03432520069032907, "val_losses": 0.01862699888456779, "train_accuracies": 0.46438508896827696, "val_accuracies": 0.5579609035686323, "test_loss": 0.018566489528129056, "test_accuracy": 0.5589110942403223, "computation_time": 642.5125155448914}