{"train_losses": 0.01207292059957981, "val_losses": 0.010716881496226712, "train_accuracies": 0.7061065616607666, "val_accuracies": 0.7216362311581898, "test_loss": 0.01083429748560213, "test_accuracy": 0.7192071680050747, "computation_time": 1014.3464665412903}