{"train_losses": 0.010106321142365536, "val_losses": 0.008937944316285406, "train_accuracies": 0.8797448803583781, "val_accuracies": 0.89411779255309, "test_loss": 0.008855520501424363, "test_accuracy": 0.8946156494177071, "computation_time": 583.8089246749878}