{"train_losses": 0.00825490605160594, "val_losses": 0.005987636626336225, "train_accuracies": 0.8265248165130615, "val_accuracies": 0.8256882136794412, "test_loss": 0.0059822858548515545, "test_accuracy": 0.8254790943898972, "computation_time": 642.7627067565918}