{"train_losses": 0.017231136175990105, "val_losses": 0.011184189136430716, "train_accuracies": 0.6293836869239807, "val_accuracies": 0.7010562370537193, "test_loss": 0.011315360451769677, "test_accuracy": 0.6982817304362158, "computation_time": 1014.4758610725403}