{"train_losses": 0.009644672606885433, "val_losses": 0.009319630362520552, "train_accuracies": 0.7333664511680603, "val_accuracies": 0.7403894442661553, "test_loss": 0.009367105954439398, "test_accuracy": 0.7393814594882309, "computation_time": 611.3136010169983}