{"train_losses": 0.006314387354254722, "val_losses": 0.0033653995799268507, "train_accuracies": 0.8064483766555786, "val_accuracies": 0.9176917786051513, "test_loss": 0.003405968755020932, "test_accuracy": 0.9158746865904255, "computation_time": 659.4450995922089}