{"train_losses": 0.035274237985648806, "val_losses": 0.020760218845680356, "train_accuracies": 0.607433193259769, "val_accuracies": 0.6013282984495163, "test_loss": 0.020413962319493294, "test_accuracy": 0.6050446910858154, "computation_time": 441.49649834632874}