{"train_losses": 0.0032249137833714487, "val_losses": 0.002320763576408006, "train_accuracies": 0.9323965690612793, "val_accuracies": 0.9507882207821888, "test_loss": 0.002344906267822738, "test_accuracy": 0.9498265943709453, "computation_time": 637.2144634723663}