{"train_losses": 0.008921469530463218, "val_losses": 0.0065657865244207105, "train_accuracies": 0.8083277946472168, "val_accuracies": 0.8082678595166297, "test_loss": 0.006644403677623553, "test_accuracy": 0.8061718990089027, "computation_time": 645.5747864246368}