{"train_losses": 0.0023218897163927083, "val_losses": 0.0022832934046164155, "train_accuracies": 0.948883559022631, "val_accuracies": 0.949407584965229, "test_loss": 0.0022741248570382596, "test_accuracy": 0.9496971135139465, "computation_time": 301.3948962688446}