{"train_losses": 0.012661060233349128, "val_losses": 0.003797299155849032, "train_accuracies": 0.7145291178945511, "val_accuracies": 0.9040768183767796, "test_loss": 0.00379582049138844, "test_accuracy": 0.9043233399391174, "computation_time": 429.64224767684937}