{"train_losses": 0.008335837059550814, "val_losses": 0.0069899641966912895, "train_accuracies": 0.7551747077987307, "val_accuracies": 0.7620857730507851, "test_loss": 0.006801639828830958, "test_accuracy": 0.7701576495170593, "computation_time": 449.3097939491272}