{"train_losses": 0.0037577693176766235, "val_losses": 0.0019628842704325043, "train_accuracies": 0.9512633736928304, "val_accuracies": 0.9503015168803803, "test_loss": 0.0019457574257520354, "test_accuracy": 0.9507482515019217, "computation_time": 624.378214597702}