{"train_losses": 0.012785466764122247, "val_losses": 0.011083866177285288, "train_accuracies": 0.8820835009415945, "val_accuracies": 0.8812559392858059, "test_loss": 0.010959797307469283, "test_accuracy": 0.8818156092789522, "computation_time": 630.4564893245697}