{"train_losses": 0.007694243320396968, "val_losses": 0.005682654271367937, "train_accuracies": 0.7753976829468258, "val_accuracies": 0.8416900411248207, "test_loss": 0.005691617548465729, "test_accuracy": 0.8414880113601685, "computation_time": 443.15367674827576}