{"train_losses": 0.0066110845059156416, "val_losses": 0.005587850196085349, "train_accuracies": 0.8026870881080628, "val_accuracies": 0.8343323977889529, "test_loss": 0.005630238865543703, "test_accuracy": 0.8333241206825159, "computation_time": 719.8786404132843}