{"train_losses": 0.007368244354426861, "val_losses": 0.006502367366271414, "train_accuracies": 0.793460933303833, "val_accuracies": 0.8043026157245514, "test_loss": 0.006539765104746363, "test_accuracy": 0.8035578834023446, "computation_time": 658.0389378070831}