{"train_losses": 0.010386403309802214, "val_losses": 0.009331825595507597, "train_accuracies": 0.8882868122259776, "val_accuracies": 0.8974901764316762, "test_loss": 0.009246067235922547, "test_accuracy": 0.8982614134527316, "computation_time": 562.8716809749603}