{"train_losses": 0.0032440299835056067, "val_losses": 0.0024084918005213996, "train_accuracies": 0.9328703985214234, "val_accuracies": 0.9487865335622411, "test_loss": 0.002399566343089767, "test_accuracy": 0.9491226175788102, "computation_time": 635.7267951965332}