{"train_losses": 0.0046622474692761895, "val_losses": 0.004252381833376968, "train_accuracies": 0.8681812216758727, "val_accuracies": 0.8820332846823772, "test_loss": 0.004252435090791457, "test_accuracy": 0.8821007336021229, "computation_time": 635.1656601428986}