{"train_losses": 0.0027672632907827697, "val_losses": 0.0022237516823224723, "train_accuracies": 0.9348978069093492, "val_accuracies": 0.9515270851552486, "test_loss": 0.0022424819972366094, "test_accuracy": 0.9508874845504761, "computation_time": 433.45022320747375}