{"train_losses": 0.011671897667646407, "val_losses": 0.009962996052708596, "train_accuracies": 0.6729117053031921, "val_accuracies": 0.7174914437494461, "test_loss": 0.01006507827265627, "test_accuracy": 0.7155519917512395, "computation_time": 659.4707138538361}