{"train_losses": 0.031038999734889893, "val_losses": 0.0141589812701568, "train_accuracies": 0.6477911387171064, "val_accuracies": 0.6563072837889194, "test_loss": 0.014546388432383537, "test_accuracy": 0.6494852328300476, "computation_time": 434.03752517700195}