{"train_losses": 0.020444113801419736, "val_losses": 0.015638719971297652, "train_accuracies": 0.6310898477554321, "val_accuracies": 0.6798487260083484, "test_loss": 0.015857809086798864, "test_accuracy": 0.6770516015162134, "computation_time": 623.4609777927399}