{"train_losses": 0.00228033283688128, "val_losses": 0.002277592124393696, "train_accuracies": 0.9523328647613526, "val_accuracies": 0.9523099216685933, "test_loss": 0.0022695525134112803, "test_accuracy": 0.952520241403276, "computation_time": 634.8053503036499}