{"train_losses": 0.0022730153918266295, "val_losses": 0.0022579727228730917, "train_accuracies": 0.9525613877296448, "val_accuracies": 0.9528941641187971, "test_loss": 0.002255499170155852, "test_accuracy": 0.953052874962995, "computation_time": 714.3482959270477}