Epoch,Train Loss,Validation Loss,Train Accuracy,Validation Accuracy
1,0.02811193404495716,0.011043450563766394,0.6029910009384155,0.6967139331398496
2,0.010639735619723797,0.01043743019104953,0.7051591597557068,0.7101847529411316
3,0.01027731789201498,0.010090937499834854,0.7139455039978028,0.7194189767169344
4,0.010099830970168113,0.01002406343746527,0.7184784461021423,0.7218297013811245
5,0.009981917510926723,0.009873377918532699,0.7218282412528991,0.7253968590384077
