{"train_losses": 0.009981917510926723, "val_losses": 0.009873377918532699, "train_accuracies": 0.7218282412528991, "val_accuracies": 0.7253968590384077, "test_loss": 0.009808908495458828, "test_accuracy": 0.7267093407879969, "computation_time": 185.70293354988098}