{"train_losses": 0.006342009752243757, "val_losses": 0.004103066746714958, "train_accuracies": 0.8882573274612426, "val_accuracies": 0.8900488121494367, "test_loss": 0.004095701574923317, "test_accuracy": 0.8895111273808084, "computation_time": 666.7809870243073}