{"train_losses": 0.012029610539972781, "val_losses": 0.009491626588497191, "train_accuracies": 0.6953072297096252, "val_accuracies": 0.7375840643408952, "test_loss": 0.00952048578958033, "test_accuracy": 0.7368840696705374, "computation_time": 653.8201324939728}