{"train_losses": 0.030533075377345086, "val_losses": 0.013916735561078142, "train_accuracies": 0.5344736799716949, "val_accuracies": 0.6264244674876996, "test_loss": 0.014115517033608097, "test_accuracy": 0.6228963144265922, "computation_time": 685.5237638950348}