{"train_losses": 0.005374332318082452, "val_losses": 0.003550953764290093, "train_accuracies": 0.9201224559148152, "val_accuracies": 0.935399926089226, "test_loss": 0.0035469526511017874, "test_accuracy": 0.9354866826610201, "computation_time": 576.4332246780396}