{"train_losses": 0.00849279073625803, "val_losses": 0.008569366328338993, "train_accuracies": 0.9004643210570018, "val_accuracies": 0.9005775017307159, "test_loss": 0.008505926547560152, "test_accuracy": 0.9011536540499159, "computation_time": 567.0150756835938}