{"train_losses": 0.004150105227157474, "val_losses": 0.0042155251162019885, "train_accuracies": 0.8853871452331543, "val_accuracies": 0.8831972954379526, "test_loss": 0.004248122678725583, "test_accuracy": 0.8821352701278249, "computation_time": 640.2418484687805}