Experiment,Test Loss,Test Accuracy,Computation Time
base,0.009279200765689846,0.897600172811253,179.9691445827484
brightness,0.012018427709532771,0.8717544659687455,183.19099974632263
color_jitter,0.009623021955133244,0.8935462919769773,186.4231321811676
custom_augmentation_1,0.02824322799825744,0.7420178906173464,185.60743927955627
