{"train_losses": 0.007086041107028723, "val_losses": 0.005700752186547419, "train_accuracies": 0.8424925981521606, "val_accuracies": 0.8347409527013256, "test_loss": 0.005779625782683776, "test_accuracy": 0.8323769406148582, "computation_time": 651.1684577465057}