{"train_losses": 0.004635161391304185, "val_losses": 0.0017052212639642444, "train_accuracies": 0.9353977789878846, "val_accuracies": 0.9565941536046089, "test_loss": 0.0016675534076798872, "test_accuracy": 0.9567927084151348, "computation_time": 543.6157569885254}