{"train_losses": 0.029259182342886925, "val_losses": 0.014725880032986593, "train_accuracies": 0.539918187046051, "val_accuracies": 0.6318184938400414, "test_loss": 0.014712707661566841, "test_accuracy": 0.6327195733216158, "computation_time": 653.6566472053528}