{"train_losses": 0.003098725002259016, "val_losses": 0.0016696627271619248, "train_accuracies": 0.9217077304522197, "val_accuracies": 0.9570318679226205, "test_loss": 0.0016680443140375577, "test_accuracy": 0.957199555673417, "computation_time": 594.1365954875946}