{"train_losses": 0.006993705756217241, "val_losses": 0.004750056269394744, "train_accuracies": 0.7846987274169922, "val_accuracies": 0.8657118237701951, "test_loss": 0.0047627638989857805, "test_accuracy": 0.8652781623943596, "computation_time": 657.4586219787598}