{"train_losses": 0.008506791751210888, "val_losses": 0.008602316860367167, "train_accuracies": 0.9004399790763855, "val_accuracies": 0.899047039290692, "test_loss": 0.008456797092844536, "test_accuracy": 0.9000789656001291, "computation_time": 591.8619110584259}