{"train_losses": 0.013392580705384413, "val_losses": 0.009676086805523076, "train_accuracies": 0.8724514592488607, "val_accuracies": 0.8909804335934051, "test_loss": 0.00958508496902361, "test_accuracy": 0.8917922096647275, "computation_time": 188.2003219127655}