{"train_losses": 0.011593331272403399, "val_losses": 0.010242985764597642, "train_accuracies": 0.8801141939163208, "val_accuracies": 0.8924929832524442, "test_loss": 0.010201024152575785, "test_accuracy": 0.8925680783903522, "computation_time": 185.13396310806274}