{"train_losses": 0.012145942381272713, "val_losses": 0.00873534745744806, "train_accuracies": 0.8810386459032694, "val_accuracies": 0.8960059342232156, "test_loss": 0.008710350814589839, "test_accuracy": 0.8964646811697893, "computation_time": 1004.8355519771576}