{"train_losses": 0.0051874443106353285, "val_losses": 0.0030852477377648377, "train_accuracies": 0.844927599811554, "val_accuracies": 0.9263690744236017, "test_loss": 0.003112988746695363, "test_accuracy": 0.925390566610227, "computation_time": 634.9123361110687}