{"train_losses": 0.012146030324697495, "val_losses": 0.011018146404842282, "train_accuracies": 0.7005448190689086, "val_accuracies": 0.6956685606841069, "test_loss": 0.011002363850641402, "test_accuracy": 0.6962493623897528, "computation_time": 677.414888381958}