{"train_losses": 0.002975641884220143, "val_losses": 0.0021614933026052933, "train_accuracies": 0.941016057252884, "val_accuracies": 0.9489387581323055, "test_loss": 0.0021629004841551753, "test_accuracy": 0.948884492087516, "computation_time": 575.6630511283875}