{"train_losses": 0.014020740230381488, "val_losses": 0.012736546053628253, "train_accuracies": 0.6571034292876721, "val_accuracies": 0.6512050624865635, "test_loss": 0.012825029961480076, "test_accuracy": 0.6495633307535937, "computation_time": 1134.5018491744995}