{"train_losses": 0.008918462919869594, "val_losses": 0.007764804846374318, "train_accuracies": 0.7825184152239845, "val_accuracies": 0.794143807142973, "test_loss": 0.007892739780247212, "test_accuracy": 0.7915521817207336, "computation_time": 494.31765127182007}