{"train_losses": 0.04641841806769371, "val_losses": 0.019921332218085126, "train_accuracies": 0.5965638454437255, "val_accuracies": 0.597178096224548, "test_loss": 0.020154496381996543, "test_accuracy": 0.5962189652357891, "computation_time": 667.9410977363586}