{"train_losses": 0.006354676952275137, "val_losses": 0.003110388226985456, "train_accuracies": 0.9185923483371735, "val_accuracies": 0.9383541015868492, "test_loss": 0.00308933980454495, "test_accuracy": 0.9387268712566157, "computation_time": 866.9893636703491}