{"train_losses": 0.007228466815501451, "val_losses": 0.004585366423247726, "train_accuracies": 0.8144541369438172, "val_accuracies": 0.8706582317686384, "test_loss": 0.004571739584207535, "test_accuracy": 0.8712394582997461, "computation_time": 675.9065606594086}