{"train_losses": 0.23891945389906566, "val_losses": 0.0923660359484084, "train_accuracies": 0.16371093424161276, "val_accuracies": 0.16382259621899178, "test_loss": 0.09383557955170893, "test_accuracy": 0.1634875780837551, "computation_time": 1038.6358335018158}