{"train_losses": 0.0058623275825132925, "val_losses": 0.0035576447113813397, "train_accuracies": 0.9173962934017181, "val_accuracies": 0.9330368612674956, "test_loss": 0.0035236259569431756, "test_accuracy": 0.9335961406397971, "computation_time": 599.2285981178284}