{"train_losses": 0.050776131983314245, "val_losses": 0.02652247331570834, "train_accuracies": 0.35287089906041585, "val_accuracies": 0.45433118008077145, "test_loss": 0.02652943554520607, "test_accuracy": 0.45534977126121523, "computation_time": 478.97226333618164}