{"train_losses": 0.01288437340632081, "val_losses": 0.007138015153657668, "train_accuracies": 0.7154802774429321, "val_accuracies": 0.8024307105951248, "test_loss": 0.007169734621361183, "test_accuracy": 0.8019686652596589, "computation_time": 674.6641192436218}