Epoch,Train Loss,Validation Loss,Train Accuracy,Validation Accuracy
1,0.03403272067879637,0.01688806957842663,0.7563635846028726,0.8425387150429665
2,0.017755379054695368,0.014597691278508369,0.8339118665059407,0.8497338139630378
3,0.016141965363174676,0.012908431632008324,0.8485574073791504,0.8743332862219912
4,0.014086003815134366,0.011578451009823921,0.8620412244796752,0.8790230557639548
5,0.013680112568040689,0.012215724244634522,0.8664518577257793,0.8706402217454099
