{"train_losses": 0.013787758356581132, "val_losses": 0.012184672191382405, "train_accuracies": 0.866704623301824, "val_accuracies": 0.8785346670353666, "test_loss": 0.012037225797250393, "test_accuracy": 0.8792430082703852, "computation_time": 185.3539433479309}