{"train_losses": 0.013680112568040689, "val_losses": 0.012215724244634522, "train_accuracies": 0.8664518577257793, "val_accuracies": 0.8706402217454099, "test_loss": 0.012018427709532771, "test_accuracy": 0.8717544659687455, "computation_time": 183.19099974632263}