{"train_losses": 0.003437225163914263, "val_losses": 0.001969819159638335, "train_accuracies": 0.9513650954564412, "val_accuracies": 0.9516460378753379, "test_loss": 0.0019429246190591318, "test_accuracy": 0.952087105079821, "computation_time": 635.9094502925873}