{"train_losses": 0.010787476985404889, "val_losses": 0.009041166879197067, "train_accuracies": 0.8729821772575378, "val_accuracies": 0.8974642056099912, "test_loss": 0.008981229719605036, "test_accuracy": 0.8983172668013603, "computation_time": 926.5646402835846}