{"train_losses": 0.031475122332572936, "val_losses": 0.01501211649837329, "train_accuracies": 0.8560945042769115, "val_accuracies": 0.8541375680806789, "test_loss": 0.014814722577145525, "test_accuracy": 0.8538480689571162, "computation_time": 618.8162577152252}