{"train_losses": 0.04166733055810134, "val_losses": 0.028353083888663255, "train_accuracies": 0.7291944737434387, "val_accuracies": 0.7403552142229486, "test_loss": 0.02824322799825744, "test_accuracy": 0.7420178906173464, "computation_time": 185.60743927955627}