{"train_losses": 0.005744354192167521, "val_losses": 0.004449082989316837, "train_accuracies": 0.8484331174850464, "val_accuracies": 0.8757724211474133, "test_loss": 0.004433131349646741, "test_accuracy": 0.8762257748348697, "computation_time": 708.5126066207886}