{"train_losses": 0.009258964914828539, "val_losses": 0.008744664571961349, "train_accuracies": 0.8958835376103719, "val_accuracies": 0.8990795853290152, "test_loss": 0.008670295004371055, "test_accuracy": 0.8998819525074807, "computation_time": 977.1130225658417}