{"train_losses": 0.0028660805588588117, "val_losses": 0.002876045944000733, "train_accuracies": 0.9413608700434367, "val_accuracies": 0.9412430832360653, "test_loss": 0.0028776843056296277, "test_accuracy": 0.941350250487115, "computation_time": 567.0944838523865}