Epoch,Train Loss,Validation Loss,Train Accuracy,Validation Accuracy
1,0.1227658385972655,0.024818208417855203,0.2997507320214359,0.5177715048193932
2,0.019828451413010793,0.016844287049025297,0.5918851135269044,0.6309373080730438
3,0.015568726873468785,0.014708555245306343,0.6431923584332542,0.6543434858322144
4,0.013098851615001284,0.011377802584320307,0.6767706908876934,0.7059413865208626
5,0.010537075484910655,0.010145439940970391,0.7283236318164401,0.7380024157464504
