{"train_losses": 0.010537075484910655, "val_losses": 0.010145439940970391, "train_accuracies": 0.7283236318164401, "val_accuracies": 0.7380024157464504, "test_loss": 0.01019392454624176, "test_accuracy": 0.7368943586349487, "computation_time": 177.4009919166565}