{"train_losses": 0.007501634236957345, "val_losses": 0.0073925701435655355, "train_accuracies": 0.802100490009974, "val_accuracies": 0.8045261912047863, "test_loss": 0.007495448052883148, "test_accuracy": 0.8023488674163818, "computation_time": 463.65941429138184}