{"train_losses": 0.003685359846771, "val_losses": 0.0038506556302309036, "train_accuracies": 0.9036749421604096, "val_accuracies": 0.8987246342003345, "test_loss": 0.0037734843343496323, "test_accuracy": 0.9010422391891479, "computation_time": 435.33048486709595}