{"train_losses": 0.009524404738098383, "val_losses": 0.00867513748272223, "train_accuracies": 0.8868843361536661, "val_accuracies": 0.9006476817612953, "test_loss": 0.008636950420298774, "test_accuracy": 0.9012538126319837, "computation_time": 582.2144269943237}