{"train_losses": 0.009144042652845383, "val_losses": 0.00910694245842232, "train_accuracies": 0.7453188192367554, "val_accuracies": 0.7462221562482749, "test_loss": 0.009091758317533572, "test_accuracy": 0.7472283965463091, "computation_time": 625.1883046627045}