{"train_losses": 0.006524470298364758, "val_losses": 0.0062971624433045175, "train_accuracies": 0.8280900255441666, "val_accuracies": 0.8184576212980186, "test_loss": 0.006336534315732064, "test_accuracy": 0.817243460257342, "computation_time": 631.7812497615814}