{"train_losses": 0.022389609038208923, "val_losses": 0.012407468716078934, "train_accuracies": 0.8166942060788472, "val_accuracies": 0.8591949774863872, "test_loss": 0.01259932879382258, "test_accuracy": 0.8587935878213044, "computation_time": 602.9212036132812}