{"train_losses": 0.010774634805321693, "val_losses": 0.009467041434328647, "train_accuracies": 0.6974322216033936, "val_accuracies": 0.7358971401384682, "test_loss": 0.009538566640275678, "test_accuracy": 0.7343291465643864, "computation_time": 620.3497893810272}