{"train_losses": 0.04852435424923897, "val_losses": 0.021791770103129934, "train_accuracies": 0.7647866015434265, "val_accuracies": 0.7641166775150502, "test_loss": 0.02133853692015645, "test_accuracy": 0.7646521022365351, "computation_time": 1021.8786766529083}