{"train_losses": 0.005944201345777228, "val_losses": 0.0037202419625828043, "train_accuracies": 0.8262120409617348, "val_accuracies": 0.912164568901062, "test_loss": 0.0037460860218852757, "test_accuracy": 0.9116293420791626, "computation_time": 441.3145024776459}