{"train_losses": 0.013856249757938914, "val_losses": 0.008026088878978044, "train_accuracies": 0.7553170796424623, "val_accuracies": 0.8095339983701706, "test_loss": 0.00790546565502882, "test_accuracy": 0.8126026673316955, "computation_time": 546.0503528118134}