{"train_losses": 0.006793263727799058, "val_losses": 0.004201829670720799, "train_accuracies": 0.8147200393676758, "val_accuracies": 0.8837565563286945, "test_loss": 0.0042607994782768045, "test_accuracy": 0.8814788517678619, "computation_time": 634.3813433647156}