{"train_losses": 0.012640164966881275, "val_losses": 0.010372299985710983, "train_accuracies": 0.669325084400177, "val_accuracies": 0.7199713056254539, "test_loss": 0.010374097841655373, "test_accuracy": 0.7197018941496588, "computation_time": 648.5644495487213}