{"train_losses": 0.05069666956663132, "val_losses": 0.040564108663683485, "train_accuracies": 0.32807591323852536, "val_accuracies": 0.3750742643502108, "test_loss": 0.041013416045220796, "test_accuracy": 0.3730264102957051, "computation_time": 660.5305860042572}