{"train_losses": 0.0024267349305252236, "val_losses": 0.0021505250565786943, "train_accuracies": 0.9455091756184896, "val_accuracies": 0.9491327553987503, "test_loss": 0.0021680655628205482, "test_accuracy": 0.9489723364259027, "computation_time": 574.2553143501282}