{"train_losses": 0.022955990010499954, "val_losses": 0.01871845006919021, "train_accuracies": 0.5859920446395874, "val_accuracies": 0.5877933232647599, "test_loss": 0.018978446318655258, "test_accuracy": 0.5855856917466328, "computation_time": 695.9652934074402}