{"train_losses": 0.00384484258890152, "val_losses": 0.00249820862523025, "train_accuracies": 0.9108137800216675, "val_accuracies": 0.9441546991372564, "test_loss": 0.0025305249446492856, "test_accuracy": 0.9429672648952265, "computation_time": 669.7969164848328}