{"train_losses": 0.004514857097684095, "val_losses": 0.001936146160315207, "train_accuracies": 0.9304181632995605, "val_accuracies": 0.9526457117593035, "test_loss": 0.001924147196914882, "test_accuracy": 0.9528834117445976, "computation_time": 597.0569136142731}