{"train_losses": 0.033782808297872544, "val_losses": 0.019443059411303254, "train_accuracies": 0.47840860834121707, "val_accuracies": 0.5426339180606186, "test_loss": 0.01947165503623379, "test_accuracy": 0.5429102288689583, "computation_time": 671.0488002300262}