{"train_losses": 0.014932449182702435, "val_losses": 0.014179367863107473, "train_accuracies": 0.6594538783270215, "val_accuracies": 0.5710806585848331, "test_loss": 0.014336632020771503, "test_accuracy": 0.5694079985618591, "computation_time": 441.42077803611755}